case_label,state_label,image_frames_from_metrics,vapor_area_fraction_n,vapor_area_fraction_mean,vapor_area_fraction_std,vapor_area_fraction_sem,vapor_area_fraction_ci95_half_width,vapor_area_fraction_relative_ci95_half_width,active_length_fraction_n,active_length_fraction_mean,active_length_fraction_std,active_length_fraction_sem,active_length_fraction_ci95_half_width,active_length_fraction_relative_ci95_half_width,state_voltage,heat_flux_mean_w_cm2,multimodal_complete,sampling_warning
10gs_22C,25V,6,6,0.12307245163690472,0.027947921422877567,0.011409691142908142,0.029334315928416833,0.23834997628031807,6,0.2776692708333333,0.07039834892186378,0.028740005598829426,0.07389055439459045,0.2661099450177982,25.0,6.51485840139616,True,short_sample;wide_active_length_ci
10gs_22C,30V,6,6,0.0762927827380952,0.021440354997722982,0.00875298827475875,0.02250393285440475,0.2949680434603925,6,0.3030598958333333,0.034980390595832106,0.01428068466050665,0.0367156402621626,0.12114978183175458,30.0,10.407640857360573,True,short_sample;wide_vapor_ci
10gs_22C,35V,6,6,0.05139973958333329,0.007964313722895612,0.0032514174620900185,0.008359394295033438,0.1626349542390294,6,0.3097330729166667,0.016193475472172075,0.006610958678182747,0.016996774761607845,0.05487555656086106,35.0,14.666111512507277,True,short_sample
10gs_22C,40V,6,6,0.058558872767857116,0.006132300586228705,0.0025035012309384138,0.006436501664742663,0.10991505403901233,6,0.3826497395833333,0.024538096385722876,0.01001763590070886,0.02575534190072248,0.06730787777032707,40.0,19.147312849663425,True,short_sample
10gs_22C,50V,6,6,0.2662969680059524,0.006988923457673641,0.002853216053778055,0.00733561847426338,0.027546759278533773,6,0.6857096354166666,0.015045613765179657,0.006142346098614161,0.01579197181953701,0.023030115086455114,50.0,29.96831185863875,True,short_sample
10gs_22C,52.5V,6,6,0.30127418154761904,0.017708728750759208,0.007229558238785708,0.018587194231918056,0.06169527749253942,6,0.72021484375,0.023411036492190427,0.009557515625923855,0.024572372674250234,0.034118114736857275,52.5,33.06450175728286,True,short_sample
10gs_22C,55V,6,6,0.16226748511904757,0.02203131372359102,0.008994246164329079,0.023124206888490064,0.14250671890012337,6,0.5706380208333334,0.017168253902400548,0.007008910305904569,0.018019908396480648,0.03157852743524732,55.0,36.22877817801047,True,short_sample
10gs_22C,45V,6,6,0.11059105282738091,0.025790584260821852,0.010528961934544735,0.027069961133714515,0.2447753271321814,6,0.4860026041666667,0.03582090176950783,0.014623821910275538,0.03759784613131841,0.07736140878460158,,,,short_sample
15gs_20C,25_ONSET,8,8,0.12407052176339281,0.019394526658909346,0.0068570006592090366,0.01621680655902937,0.13070636222482757,8,0.2650146484375,0.0486210382579859,0.017190132930276197,0.040654664380103206,0.1534053480432084,25.0,7.545919638267494,True,none
15gs_20C,30,8,8,0.06929931640624994,0.01627928714406017,0.005755597166223965,0.013611987298119677,0.19642311070318214,8,0.2119140625,0.031188905122404905,0.011026943154918178,0.026078720561381493,0.12306271822513663,30.0,10.846555389497064,True,none
15gs_20C,35,8,8,0.08250558035714281,0.014863460718553727,0.005255026932994607,0.012428138696532247,0.15063391643006965,8,0.306640625,0.021503390529611213,0.007602596630995336,0.017980141032303974,0.05863587393974289,35.0,14.739887704267806,True,none
15gs_20C,40,8,8,0.06140485491071423,0.021715007915430865,0.007677414675260359,0.01815708570699075,0.2956946276217422,8,0.302490234375,0.031707681849581414,0.011210358425772313,0.026512497676951522,0.08764744994737161,40.0,19.23334947643979,True,wide_vapor_ci
15gs_20C,45,8,8,0.1242170061383928,0.02081755236910369,0.007360116223949649,0.017406674869640922,0.14013117374804362,8,0.4329833984375,0.024158469565395028,0.008541308826389824,0.020200195374411936,0.04665351015144702,45.0,24.320972111692846,True,none
15gs_20C,50,8,8,0.21000802176339278,0.009459681038910948,0.003344502305237868,0.007909747951887558,0.03766402771413722,8,0.5826416015625,0.016273658214621387,0.005753607039135473,0.013607280647555394,0.023354461149125035,50.0,30.020881767853645,True,none
15gs_20C,52.5,8,8,0.2377702985491071,0.016798803213748683,0.00593927383413003,0.014046382617717523,0.059075429956683585,8,0.63330078125,0.013751363315124561,0.004861841125342249,0.01149825426143442,0.01815607149376846,52.5,33.08780292030251,True,none
15gs_20C,54,8,8,0.2665858677455356,0.02289744565354179,0.008095469546734919,0.019145785478028084,0.0718184562442872,8,0.6778564453125,0.013775491245917022,0.004870371637081924,0.011518428921698751,0.016992431069071882,54.0,35.01185882417103,True,none
15gs_20C,55 CHF,8,8,0.28283691406249994,0.014797300627192434,0.005231635808371861,0.012372818686799451,0.04374541678129527,8,0.6785888671875,0.017766518196651853,0.006281412747463358,0.014855541147750843,0.021891813830252727,55.0,36.30269344624863,True,none
25gs_20C,30_Onset,6,6,0.12085425967261902,0.014888611992962028,0.006078250393506517,0.015627181761705255,0.1293060071199607,6,0.27587890625,0.03779057142751826,0.015427936180936838,0.03966522392118861,0.14377766122229074,30.0,10.838128607012536,True,short_sample
25gs_20C,35,6,6,0.11264880952380951,0.040625106036867774,0.016585130089464432,0.04264036946001306,0.37852481211530753,6,0.2708333333333333,0.07054991024524397,0.02880188024999983,0.07404963412274956,0.2734140336839984,35.0,14.729352912303668,True,short_sample;wide_vapor_ci;wide_active_length_ci
25gs_20C,40,6,6,0.12160528273809523,0.012166495728920515,0.004966951082267692,0.012770031232510236,0.10501214211239011,6,0.2967122395833333,0.014802789222517359,0.0060432133941896084,0.015537101636461484,0.05236420869688391,40.0,19.217801346713205,True,short_sample
25gs_20C,45,6,6,0.07776925223214282,0.013306305001910946,0.005432276269420894,0.01396638228868112,0.1795874576110258,6,0.2840169270833333,0.027974155123954837,0.011420401006525477,0.029361850987777,0.10338063751799537,45.0,24.3080831559046,True,short_sample
25gs_20C,50,6,6,0.13242652529761903,0.009020495282888312,0.003682601778376494,0.009467969172205966,0.07149601751557999,6,0.4615885416666667,0.021050906528938467,0.008593996603153702,0.02209516526670817,0.04786766410389809,50.0,30.01332663176266,True,short_sample
25gs_20C,55,6,6,0.1749744233630952,0.019983705026214254,0.008158313414086077,0.020975023787615305,0.1198747987532403,6,0.5388997395833334,0.03994327655818656,0.01630677437040496,0.04192471690631115,0.07779687727948525,55.0,36.31652688481677,True,short_sample
25gs_20C,57.5,6,6,0.1980701264880952,0.016526757080134964,0.006747020324876644,0.017346589255257852,0.08757801876953136,6,0.59912109375,0.018014865247152054,0.007354537940086683,0.018908517043962864,0.031560426166288465,57.5,39.689507265270514,True,short_sample
25gs_20C,59CHF,6,6,0.1817685081845238,0.017903685632589518,0.007309149052507098,0.018791822213995748,0.10338326700089916,6,0.5652669270833334,0.02777572200373513,0.011339391024424371,0.029153574323795062,0.05157488069259915,59.0,41.75826315845711,True,short_sample
5gs_22C,25,6,6,0.07170991443452378,0.016111500550634858,0.006577492556604269,0.016910733363029576,0.23582141320877284,6,0.2796223958333333,0.038820867237516946,0.01584855268404088,0.040746628950669106,0.14572019107852793,25.0,7.543859019197209,True,short_sample
5gs_22C,27.5,6,6,0.04305943080357139,0.013842848218161051,0.005651319120214982,0.01452954145807272,0.3374299470969232,6,0.2734375,0.03942701023083271,0.016096009524838695,0.04138284048836029,0.15134295950028906,27.5,9.11818181750187,True,short_sample;wide_vapor_ci
5gs_22C,30,6,6,0.040197172619047566,0.004241398772415692,0.0017315437980142336,0.004451799104694595,0.11074906055917712,6,0.30029296875,0.009721580363081888,0.003968818563835242,0.010203832527620409,0.03397959189685625,30.0,10.84249413083717,True,short_sample
5gs_22C,35,6,6,0.04820731026785712,0.004312028933061699,0.001760378440353154,0.004525932970147959,0.09388478521204048,6,0.3670247395833333,0.029429495833538773,0.012014541363255584,0.030889385844930107,0.08416159052383618,35.0,14.732384749490985,True,short_sample
5gs_22C,37.5,6,6,0.053738839285714234,0.005761668080674804,0.0023521911441556956,0.006047483431624294,0.11253468649502331,6,0.3976236979166667,0.01187102669616085,0.004846326354758547,0.012459905058084225,0.03133592168516966,37.5,16.908572971600826,True,short_sample
5gs_22C,40,6,6,0.07007765997023806,0.005647196094307525,0.0023054581514152512,0.005927332907288611,0.0845823463541155,6,0.4384765625,0.017425553143121456,0.00711395228106653,0.01828997131462205,0.04171254037009572,40.0,19.22794486661681,True,short_sample
5gs_22C,42.5,6,6,0.08557710193452378,0.00933100717452658,0.0038093677273065172,0.009793884426905056,0.1144451518631525,6,0.4944661458333333,0.032563149160795696,0.01329384997701462,0.03417848829090459,0.06912199870286959,42.5,21.70133495886313,True,short_sample
5gs_22C,45,6,6,0.11908947172619043,0.023458351738050096,0.009576831994158942,0.02462203505698264,0.20675240808518683,6,0.5284830729166666,0.03592591029717046,0.014666691462177934,0.037708063749259474,0.07135150713749622,45.0,24.335048216176016,True,short_sample
5gs_22C,47.5,6,6,0.22658807663690472,0.0301477721909175,0.012307776458236061,0.03164329327412491,0.13965118440380955,6,0.6661783854166666,0.045702359880525734,0.01865791029138887,0.04796948735916079,0.07200697051910186,47.5,27.090955078534037,True,short_sample
5gs_22C,49,6,6,0.2649181547619047,0.011994223374200629,0.004896621187959114,0.012589213074242883,0.047521141333471247,6,0.69775390625,0.029548076700014195,0.0120629517992759,0.03101384907593834,0.04444811959938539,49.0,28.82738267686938,True,short_sample
5gs_22C,50,6,6,0.30799386160714287,0.021550523601814354,0.008797964419041843,0.02261956652135658,0.0734416147235059,6,0.75341796875,0.021015389026323886,0.008579496643429755,0.0220578858702579,0.029277090254237317,50.0,30.017721527050615,True,short_sample
5gs_22C,52CHF,6,6,0.3479771205357142,0.0198605294863254,0.008108027210499488,0.020845737958194183,0.05990548437811648,6,0.80517578125,0.009259336965729344,0.0037801084870878574,0.009718658920302882,0.012070232546258523,52.0,32.42097546377094,True,short_sample
